user_id,govtrack,title,short_title,first_name,middle_name,last_name,suffix,date_of_birth,gender,party,state
3026622545,412664,Delegate,Del.,Amata,Coleman,Radewagen,NA,1947-12-29,F,R,AS
234128524,412428,"Senator, 3rd Class",Sen.,Todd,NA,Young,NA,1972-08-24,M,R,IN
2856787757,412667,"Senator, 2nd Class",Sen.,Joni,NA,Ernst,NA,1970-07-01,F,R,IA
2964174789,412668,"Senator, 2nd Class",Sen.,Thom,NA,Tillis,NA,1960-08-30,M,R,NC
252819642,412430,Representative,Rep.,Kevin,NA,Yoder,NA,1976-01-08,M,R,KS
384913290,412211,Representative,Rep.,John,NA,Yarmuth,NA,1947-11-04,M,D,KY
37007274,400440,Representative,Rep.,Don,NA,Young,NA,1933-06-09,M,R,AK
234469322,412402,Representative,Rep.,Steve,NA,Womack,NA,1957-02-18,M,R,AR
234014087,412412,Representative,Rep.,Frederica,NA,Wilson,NA,1942-11-05,F,D,FL
281540744,412410,Representative,Rep.,Daniel,NA,Webster,NA,1949-04-27,M,R,FL
7429102,412321,"Senator, 2nd Class",Sen.,Mark,NA,Warner,NA,1954-12-15,M,D,VA
15356407,412255,Representative,Rep.,Robert,J.,Wittman,NA,1959-02-03,M,R,VA
242555999,412247,"Senator, 1st Class",Sen.,Sheldon,NA,Whitehouse,NA,1955-10-20,M,D,RI
1410590874,412239,Representative,Rep.,Peter,NA,Welch,NA,1947-05-02,M,D,VT
237862972,412213,Representative,Rep.,Tim,NA,Walberg,NA,1951-04-12,M,R,MI
1140648348,400623,Representative,Rep.,Debbie,NA,Wasserman Schultz,NA,1966-09-27,F,D,FL
254082173,400433,Representative,Rep.,Joe,NA,Wilson,NA,1947-07-31,M,R,SC
32010840,400419,Representative,Rep.,Greg,NA,Walden,NA,1957-01-10,M,R,OR
250188760,300100,"Senator, 3rd Class",Sen.,Ron,NA,Wyden,NA,1949-05-03,M,D,OR
264219447,400432,"Senator, 1st Class",Sen.,Roger,NA,Wicker,NA,1951-07-05,M,R,MS
36686040,400422,Representative,Rep.,Maxine,NA,Waters,NA,1938-08-15,F,D,CA
18137749,400415,"Senator, 3rd Class",Sen.,Chris,NA,Van Hollen,NA,1959-01-10,M,D,MD
193872188,400417,Representative,Rep.,Peter,J.,Visclosky,NA,1949-08-13,M,D,IN
164369297,400416,Representative,Rep.,Nydia,M.,Velázquez,NA,1953-03-28,F,D,NY
60828944,400413,"Senator, 2nd Class",Sen.,Tom,NA,Udall,NA,1948-05-18,M,D,NM
124224165,400414,Representative,Rep.,Fred,NA,Upton,NA,1953-04-23,M,R,MI
242873057,412405,Representative,Rep.,Scott,NA,Tipton,NA,1956-11-09,M,R,CO
84119348,412319,Representative,Rep.,Paul,NA,Tonko,NA,1949-06-18,M,D,NY
18967498,412317,Representative,Rep.,Glenn,NA,Thompson,NA,1959-07-27,M,R,PA
242892689,412254,Representative,Rep.,Niki,NA,Tsongas,NA,1946-04-26,F,D,MA
51228911,400411,Representative,Rep.,Michael,R.,Turner,NA,1960-01-11,M,R,OH
221162525,400408,"Senator, 3rd Class",Sen.,Patrick,J.,Toomey,NA,1961-11-17,M,R,PA
303861808,400403,Representative,Rep.,Mike,NA,Thompson,NA,1951-01-24,M,D,CA
296361085,400546,"Senator, 3rd Class",Sen.,John,NA,Thune,NA,1961-01-07,M,R,SD
377534571,400404,Representative,Rep.,William,M.,Thornberry,NA,1958-07-15,M,R,TX
82453460,400402,Representative,Rep.,Bennie,NA,Thompson,NA,1948-01-28,M,D,MS
234797704,412417,Representative,Rep.,Austin,NA,Scott,NA,1969-12-10,M,R,GA
211420609,412461,Representative,Rep.,Steve,NA,Stivers,NA,1965-03-24,M,R,OH
381152398,412396,Representative,Rep.,Terri,NA,Sewell,NA,1965-01-01,F,D,AL
217543151,412471,"Senator, 3rd Class",Sen.,Tim,NA,Scott,NA,1965-09-19,M,R,SC
229197216,412399,Representative,Rep.,David,NA,Schweikert,NA,1962-03-03,M,R,AZ
109287731,412323,"Senator, 2nd Class",Sen.,Jeanne,NA,Shaheen,NA,1947-01-28,F,D,NH
20545793,412315,Representative,Rep.,Kurt,NA,Schrader,NA,1951-10-19,M,D,OR
NA,412312,Delegate,Del.,Gregorio,Kilili Camacho,Sablan,NA,1955-01-19,M,D,MP
1209417007,412261,Representative,Rep.,Steve,NA,Scalise,NA,1965-10-06,M,R,LA
24913074,412259,Representative,Rep.,Jackie,NA,Speier,NA,1950-05-14,F,D,CA
296245061,412217,Representative,Rep.,Adrian,NA,Smith,NA,1970-12-19,M,R,NE
18696134,412186,Representative,Rep.,Albio,NA,Sires,NA,1951-01-26,M,D,NJ
168673083,400363,Representative,Rep.,David,NA,Scott,NA,1945-06-27,M,D,GA
312134473,400355,Representative,Rep.,Linda,T.,Sánchez,NA,1969-01-28,F,D,CA
22527499,409888,Representative,Rep.,Bill,NA,Shuster,NA,1961-01-10,M,R,PA
29501253,400361,Representative,Rep.,Adam,B.,Schiff,NA,1960-06-22,M,D,CA
76132891,400376,Representative,Rep.,Mike,NA,Simpson,NA,1950-09-08,M,R,ID
24195214,400360,Representative,Rep.,Jan,NA,Schakowsky,NA,1944-05-26,F,D,IL
15856366,400381,Representative,Rep.,Lamar,NA,Smith,NA,1947-11-19,M,R,TX
58928690,400379,Representative,Rep.,Adam,NA,Smith,NA,1965-06-15,M,D,WA
15600527,400373,Representative,Rep.,John,NA,Shimkus,NA,1958-02-21,M,R,IL
30216513,400371,Representative,Rep.,Brad,NA,Sherman,NA,1954-10-24,M,D,CA
21111098,300089,"Senator, 3rd Class",Sen.,Richard,C.,Shelby,NA,1934-05-06,M,R,AL
24735461,400367,Representative,Rep.,Pete,NA,Sessions,NA,1955-03-22,M,R,TX
33563161,400366,Representative,Rep.,José,E.,Serrano,NA,1943-10-24,M,D,NY
851621377,400365,Representative,Rep.,F.,James,Sensenbrenner,NA,1943-06-14,M,R,WI
161791703,400364,Representative,Rep.,Robert,C.,Scott,NA,1947-04-30,M,D,VA
29442313,400357,"Senator, 1st Class",Sen.,Bernard,NA,Sanders,NA,1941-09-08,M,I,VT
229966028,412491,"Senator, 3rd Class",Sen.,Marco,NA,Rubio,NA,1971-05-28,M,R,FL
33655490,412411,Representative,Rep.,Dennis,NA,Ross,NA,1959-10-18,M,R,FL
17544524,412426,Representative,Rep.,Todd,NA,Rokita,NA,1970-02-09,M,R,IN
224294785,412394,Representative,Rep.,Martha,NA,Roby,NA,1976-07-27,F,R,AL
267854863,412432,Representative,Rep.,Cedric,NA,Richmond,NA,1973-09-13,M,D,LA
236916916,412462,Representative,Rep.,Jim,NA,Renacci,NA,1958-12-03,M,R,OH
252819323,412393,Representative,Rep.,Tom,NA,Reed,NA,1971-11-18,M,R,NY
23970171,412311,Representative,Rep.,Tom,NA,Rooney,NA,1970-11-21,M,R,FL
52503751,412310,Representative,Rep.,Phil,NA,Roe,NA,1945-07-21,M,R,TN
20015903,412202,Representative,Rep.,Peter,NA,Roskam,NA,1961-09-13,M,R,IL
16102244,400660,Representative,Rep.,Dave,NA,Reichert,NA,1950-08-29,M,R,WA
13491312,400352,Representative,Rep.,Tim,NA,Ryan,NA,1973-07-16,M,D,OH
305620929,400349,Representative,Rep.,C.A. Dutch,NA,Ruppersberger,NA,1946-01-31,M,D,MD
33977070,400341,Representative,Rep.,Mike,D.,Rogers,NA,1958-07-16,M,R,AL
18916432,400351,Representative,Rep.,Paul,D.,Ryan,NA,1970-01-29,M,R,WI
305216911,400350,Representative,Rep.,Bobby,L.,Rush,NA,1946-11-23,M,D,IL
246769138,400348,Representative,Rep.,Edward,NA,Royce,NA,1951-10-12,M,R,CA
479872233,400347,Representative,Rep.,Lucille,NA,Roybal-Allard,NA,1941-06-12,F,D,CA
14275291,400344,Representative,Rep.,Ileana,NA,Ros-Lehtinen,NA,1952-07-15,F,R,FL
550401754,400340,Representative,Rep.,Harold,NA,Rogers,NA,1937-12-31,M,R,KY
75364211,300083,"Senator, 2nd Class",Sen.,Pat,NA,Roberts,NA,1936-04-20,M,R,KS
486694111,300081,"Senator, 2nd Class",Sen.,Jack,NA,Reed,NA,1949-11-12,M,D,RI
56864092,412331,Representative,Rep.,Mike,NA,Quigley,NA,1958-10-17,M,D,IL
NA,412492,"Senator, 3rd Class",Sen.,Rand,NA,Paul,NA,1963-01-07,M,R,KY
299883942,412443,Representative,Rep.,Steven,NA,Palazzo,NA,1970-02-21,M,R,MS
25086658,412309,Representative,Rep.,Bill,NA,Posey,NA,1947-12-18,M,R,FL
14984637,412307,Representative,Rep.,Chellie,NA,Pingree,NA,1955-04-02,F,D,ME
236511574,412305,"Senator, 2nd Class",Sen.,Gary,NA,Peters,NA,1958-12-01,M,D,MI
17513304,412303,Representative,Rep.,Erik,NA,Paulsen,NA,1965-05-14,M,R,MN
20552026,412192,Representative,Rep.,Ed,NA,Perlmutter,NA,1953-05-01,M,D,CO
74198348,400652,Representative,Rep.,Ted,NA,Poe,NA,1948-09-10,M,R,TX
235271965,400313,Representative,Rep.,Steve,NA,Pearce,NA,1947-08-24,M,R,NM
155669457,400326,Representative,Rep.,David,E.,Price,NA,1940-08-17,M,D,NC
18915145,400325,"Senator, 3rd Class",Sen.,Rob,NA,Portman,NA,1955-12-19,M,R,OH
15764644,400314,Representative,Rep.,Nancy,NA,Pelosi,NA,1940-03-26,F,D,CA
74508260,400309,Representative,Rep.,Bill,NA,Pascrell,Jr.,1937-01-25,M,D,NJ
31801993,400308,Representative,Rep.,Frank,NA,Pallone,NA,1951-10-30,M,D,NJ
20053279,412302,Representative,Rep.,Pete,NA,Olson,NA,1962-12-09,M,R,TX
235251868,412475,Representative,Rep.,Kristi,NA,Noem,NA,1971-11-30,F,R,SD
344972339,400297,Representative,Rep.,Devin,NA,Nunes,NA,1973-10-01,M,R,CA
161411080,400290,Representative,Rep.,Grace,F.,Napolitano,NA,1936-12-04,F,D,CA
23600262,400295,Delegate,Del.,Eleanor,Holmes,Norton,NA,1937-06-13,F,D,DC
20597460,300078,"Senator, 1st Class",Sen.,Bill,NA,Nelson,NA,1942-09-29,M,D,FL
442824717,400291,Representative,Rep.,Richard,E.,Neal,NA,1949-02-14,M,D,MA
40302336,400289,Representative,Rep.,Jerrold,NA,Nadler,NA,1947-06-13,M,D,NY
234374703,412391,"Senator, 1st Class",Sen.,Joe,NA,Manchin,III,1947-08-24,M,D,WV
240427862,412487,Representative,Rep.,David,NA,McKinley,NA,1947-03-28,M,R,WV
240363117,412468,Representative,Rep.,Tom,NA,Marino,NA,1952-08-15,M,R,PA
50152441,412295,Representative,Rep.,Tom,NA,McClintock,NA,1956-07-10,M,R,CA
29201047,412325,"Senator, 2nd Class",Sen.,Jeff,NA,Merkley,NA,1956-10-24,M,D,OR
57065141,412243,"Senator, 1st Class",Sen.,Claire,NA,McCaskill,NA,1953-07-24,F,D,MO
385429543,412189,Representative,Rep.,Jerry,NA,McNerney,NA,1951-06-18,M,D,CA
38254095,400663,Representative,Rep.,Doris,NA,Matsui,NA,1944-09-25,F,D,CA
22669526,400661,Representative,Rep.,Gwen,NA,Moore,NA,1951-04-18,F,D,WI
17976923,400659,Representative,Rep.,Cathy,NA,McMorris Rodgers,NA,1969-05-22,F,R,WA
23976316,400656,Representative,Rep.,Kenny,NA,Marchant,NA,1951-02-23,M,R,TX
26424123,400654,Representative,Rep.,Michael,NA,McCaul,NA,1962-01-14,M,R,TX
27676828,400644,Representative,Rep.,Patrick,T.,McHenry,NA,1975-10-22,M,R,NC
18061669,300075,"Senator, 3rd Class",Sen.,Lisa,NA,Murkowski,NA,1957-05-22,F,R,AK
516880804,400259,Representative,Rep.,Betty,NA,McCollum,NA,1954-07-12,F,D,MN
22812754,400271,Representative,Rep.,Gregory,W.,Meeks,NA,1953-09-25,M,D,NY
293131808,300076,"Senator, 3rd Class",Sen.,Patty,NA,Murray,NA,1950-10-11,F,D,WA
18632666,400284,"Senator, 3rd Class",Sen.,Jerry,NA,Moran,NA,1954-05-29,M,R,KS
18695134,400272,"Senator, 1st Class",Sen.,Robert,NA,Menendez,NA,1954-01-01,M,D,NJ
339822881,300072,"Senator, 2nd Class",Sen.,Mitch,NA,McConnell,NA,1942-02-20,M,R,KY
242426145,400263,Representative,Rep.,Jim,NA,McGovern,NA,1959-11-20,M,D,MA
19394188,300071,"Senator, 3rd Class",Sen.,John,NA,McCain,NA,1936-08-29,M,R,AZ
21406834,400253,"Senator, 2nd Class",Sen.,Edward,J.,Markey,NA,1946-07-11,M,D,MA
258900199,400251,Representative,Rep.,Carolyn,B.,Maloney,NA,1946-02-19,F,D,NY
88784440,412495,"Senator, 3rd Class",Sen.,Mike,NA,Lee,NA,1971-06-04,M,R,UT
225921757,412464,"Senator, 3rd Class",Sen.,James,NA,Lankford,NA,1968-03-04,M,R,OK
246341769,412419,Representative,Rep.,Raúl,NA,Labrador,NA,1967-12-08,M,R,ID
19318314,412293,Representative,Rep.,Ben,Ray,Luján,NA,1972-06-07,M,D,NM
1849261916,412292,Representative,Rep.,Blaine,NA,Luetkemeyer,NA,1952-05-07,M,R,MO
613725908,412290,Representative,Rep.,Leonard,NA,Lance,NA,1952-06-25,M,R,NJ
15394954,412256,Representative,Rep.,Robert,E.,Latta,NA,1956-04-18,M,R,OH
510516465,412209,Representative,Rep.,Dave,NA,Loebsack,NA,1952-12-23,M,D,IA
584012853,412191,Representative,Rep.,Doug,NA,Lamborn,NA,1954-05-24,M,R,CO
1009269193,400630,Representative,Rep.,Daniel,NA,Lipinski,NA,1966-07-15,M,D,IL
310310133,400249,Representative,Rep.,Stephen,F.,Lynch,NA,1955-03-31,M,D,MA
18909919,400230,Representative,Rep.,Jim,NA,Langevin,NA,1964-04-22,M,D,RI
50452197,400233,Representative,Rep.,John,B.,Larson,NA,1948-07-22,M,D,CT
241207373,400244,Representative,Rep.,Frank,A.,LoBiondo,NA,1946-05-12,M,R,NJ
248735463,400237,Representative,Rep.,Barbara,NA,Lee,NA,1946-07-16,F,D,CA
242772524,400247,Representative,Rep.,Frank,D.,Lucas,NA,1960-01-06,M,R,OK
221792092,400246,Representative,Rep.,Nita,M.,Lowey,NA,1937-07-05,F,D,NY
267938462,400245,Representative,Rep.,Zoe,NA,Lofgren,NA,1947-12-21,F,D,CA
29450962,400240,Representative,Rep.,John,NA,Lewis,NA,1940-02-21,M,D,GA
25781141,400238,Representative,Rep.,Sander,M.,Levin,NA,1931-09-06,M,D,MI
242836537,300065,"Senator, 3rd Class",Sen.,Patrick,J.,Leahy,NA,1940-03-31,M,D,VT
219429281,412421,Representative,Rep.,Adam,NA,Kinzinger,NA,1978-02-27,M,R,IL
935368364,412465,Representative,Rep.,Mike,NA,Kelly,NA,1948-05-10,M,R,PA
232992031,412435,Representative,Rep.,Bill,NA,Keating,NA,1952-09-06,M,D,MA
48117116,400220,Representative,Rep.,Steve,NA,King,NA,1949-05-28,M,R,IA
18277655,400219,Representative,Rep.,Peter,T.,King,NA,1944-04-05,M,R,NY
112740986,400218,Representative,Rep.,Ron,NA,Kind,NA,1963-03-16,M,D,WI
581141508,400211,Representative,Rep.,Marcy,NA,Kaptur,NA,1946-06-17,F,D,OH
233737858,412496,"Senator, 3rd Class",Sen.,Ron,NA,Johnson,NA,1955-04-08,M,R,WI
211530910,412460,Representative,Rep.,Bill,NA,Johnson,NA,1954-11-10,M,R,OH
19658173,412284,Representative,Rep.,Lynn,NA,Jenkins,NA,1963-06-10,F,R,KS
18166778,412226,Representative,Rep.,Jim,NA,Jordan,NA,1964-02-17,M,R,OH
24745957,412199,Representative,Rep.,Hank,NA,Johnson,NA,1954-10-02,M,D,GA
NA,412741,"Senator, 2nd Class",Sen.,Doug,NA,Jones,NA,1954-05-04,M,D,AL
26778110,400209,Representative,Rep.,Walter,B.,Jones,NA,1943-02-10,M,R,NC
249288197,400206,Representative,Rep.,Sam,NA,Johnson,NA,1930-10-11,M,R,TX
168502762,400204,Representative,Rep.,Eddie,Bernice,Johnson,NA,1935-12-03,F,D,TX
80612021,400199,Representative,Rep.,Sheila,NA,Jackson Lee,NA,1950-01-12,F,D,TX
22509548,400196,Representative,Rep.,Darrell,NA,Issa,NA,1953-11-01,M,R,CA
20546536,300055,"Senator, 2nd Class",Sen.,James,M.,Inhofe,NA,1934-11-17,M,R,OK
382791093,412494,"Senator, 3rd Class",Sen.,John,NA,Hoeven,NA,1957-03-13,M,R,ND
237814920,412422,Representative,Rep.,Randy,NA,Hultgren,NA,1966-03-01,M,R,IL
233949261,412437,Representative,Rep.,Bill,NA,Huizenga,NA,1969-01-31,M,R,MI
242926427,412486,Representative,Rep.,Jaime,NA,Herrera Beutler,NA,1978-11-03,F,R,WA
237763317,412444,Representative,Rep.,Vicky,NA,Hartzler,NA,1960-10-13,F,R,MO
1305596696,412283,Representative,Rep.,Duncan,D.,Hunter,NA,1976-12-07,M,R,CA
31611298,412282,Representative,Rep.,Jim,NA,Himes,NA,1966-07-05,M,D,CT
1099199839,412281,"Senator, 1st Class",Sen.,Martin,NA,Heinrich,NA,1971-10-17,M,D,NM
23712174,412280,Representative,Rep.,Gregg,NA,Harper,NA,1956-06-01,M,R,MS
92186819,412200,"Senator, 1st Class",Sen.,Mazie,K.,Hirono,NA,1947-11-03,F,D,HI
266133081,412218,"Senator, 1st Class",Sen.,Dean,NA,Heller,NA,1960-05-10,M,R,NV
33576489,400641,Representative,Rep.,Brian,NA,Higgins,NA,1959-10-06,M,D,NY
18566912,400175,Representative,Rep.,Jeb,NA,Hensarling,NA,1957-05-29,M,R,TX
22012091,400189,Representative,Rep.,Steny,H.,Hoyer,NA,1939-06-14,M,D,MD
262756641,300052,"Senator, 1st Class",Sen.,Orrin,G.,Hatch,NA,1934-03-22,M,R,UT
2433737761,400170,Representative,Rep.,Alcee,L.,Hastings,NA,1936-09-05,M,D,FL
234057152,412485,Representative,Rep.,Morgan,NA,Griffith,NA,1958-03-15,M,R,VA
237348797,412473,Representative,Rep.,Trey,NA,Gowdy,NA,1964-08-22,M,R,SC
240760644,412397,Representative,Rep.,Paul,NA,Gosar,NA,1958-11-22,M,R,AZ
234822928,412463,Representative,Rep.,Bob,NA,Gibbs,NA,1954-06-14,M,R,OH
235217558,412406,"Senator, 2nd Class",Sen.,Cory,NA,Gardner,NA,1974-08-22,M,R,CO
190328374,412388,Representative,Rep.,Tom,NA,Graves,NA,1970-02-03,M,R,GA
88806753,412382,Representative,Rep.,John,NA,Garamendi,NA,1945-01-24,M,D,CA
156333623,400653,Representative,Rep.,Al,NA,Green,NA,1947-09-01,M,D,TX
22055226,400651,Representative,Rep.,Louie,NA,Gohmert,NA,1953-08-18,M,R,TX
28602948,400162,Representative,Rep.,Raúl,M.,Grijalva,NA,1948-02-19,M,D,AZ
36948268,400163,Representative,Rep.,Luis,V.,Gutiérrez,NA,1953-12-10,M,D,IL
111635527,400160,Representative,Rep.,Gene,NA,Green,NA,1947-10-17,M,D,TX
10615232,300048,"Senator, 3rd Class",Sen.,Charles,E.,Grassley,NA,1933-09-17,M,R,IA
161743731,400157,Representative,Rep.,Kay,NA,Granger,NA,1943-01-18,F,R,TX
14845376,300047,"Senator, 2nd Class",Sen.,Lindsey,NA,Graham,NA,1955-07-09,M,R,SC
37920978,400154,Representative,Rep.,Robert,W.,Goodlatte,NA,1952-09-22,M,R,VA
237312687,412480,Representative,Rep.,Bill,NA,Flores,NA,1954-02-25,M,R,TX
235190657,412476,Representative,Rep.,Chuck,NA,Fleischmann,NA,1962-10-11,M,R,TN
153486399,412327,Representative,Rep.,Marcia,L.,Fudge,NA,1952-10-29,F,D,OH
16256269,400643,Representative,Rep.,Virginia,NA,Foxx,NA,1943-06-29,F,R,NC
18805303,400640,Representative,Rep.,Jeff,NA,Fortenberry,NA,1960-12-27,M,R,NE
16056306,400134,"Senator, 1st Class",Sen.,Jeff,NA,Flake,NA,1962-12-31,M,R,AZ
476256944,300043,"Senator, 1st Class",Sen.,Dianne,NA,Feinstein,NA,1933-06-22,F,D,CA
14135426,412215,Representative,Rep.,Keith,NA,Ellison,NA,1963-08-04,M,D,MN
291756142,300041,"Senator, 2nd Class",Sen.,Michael,B.,Enzi,NA,1944-02-01,M,R,WY
249348006,400124,Representative,Rep.,Anna,G.,Eshoo,NA,1942-12-13,F,D,CA
164007407,400122,Representative,Rep.,Eliot,L.,Engel,NA,1947-02-18,M,D,NY
235312723,412477,Representative,Rep.,Scott,NA,DesJarlais,NA,1964-02-21,M,R,TN
240393970,412472,Representative,Rep.,Jeffrey,NA,Duncan,NA,1966-01-07,M,R,SC
234022257,412488,Representative,Rep.,Sean,NA,Duffy,NA,1971-10-03,M,R,WI
248699486,412403,Representative,Rep.,Jeffrey,NA,Denham,NA,1967-07-29,M,R,CA
137794015,412385,Representative,Rep.,Ted,NA,Deutch,NA,1966-05-07,M,D,FL
216503958,412205,"Senator, 1st Class",Sen.,Joe,NA,Donnelly,NA,1955-09-28,M,D,IN
37094727,400108,Representative,Rep.,Mario,NA,Diaz-Balart,NA,1961-09-25,M,R,FL
247334603,300038,"Senator, 2nd Class",Sen.,Richard,J.,Durbin,NA,1944-11-21,M,D,IL
1883356866,400116,Representative,Rep.,John,J.,Duncan,Jr.,1947-07-21,M,R,TN
39249305,400114,Representative,Rep.,Mike,NA,Doyle,NA,1953-08-05,M,D,PA
153944899,400111,Representative,Rep.,Lloyd,NA,Doggett,NA,1946-10-06,M,D,TX
140519774,400103,Representative,Rep.,Rosa,NA,DeLauro,NA,1943-03-02,F,D,CT
28599820,400101,Representative,Rep.,Diana,NA,DeGette,NA,1957-07-29,F,D,CO
252249233,400100,Representative,Rep.,Peter,A.,DeFazio,NA,1947-05-27,M,D,OR
435500714,412390,"Senator, 2nd Class",Sen.,Christopher,A.,Coons,NA,1963-09-09,M,D,DE
233693291,412400,Representative,Rep.,Rick,NA,Crawford,NA,1966-01-22,M,R,AR
462143773,412470,Representative,Rep.,David,NA,Cicilline,NA,1961-07-15,M,D,RI
193732179,412379,Representative,Rep.,Judy,NA,Chu,NA,1953-07-07,F,D,CA
78445977,412272,Representative,Rep.,Gerald,E.,Connolly,NA,1950-03-30,M,D,VA
199325935,412258,Representative,Rep.,André,NA,Carson,NA,1974-10-16,M,D,IN
73303753,412248,"Senator, 1st Class",Sen.,Bob,NA,Corker,NA,1952-08-24,M,R,TN
171598736,412246,"Senator, 1st Class",Sen.,Bob,NA,Casey,NA,1960-04-13,M,D,PA
85396297,412193,Representative,Rep.,Joe,NA,Courtney,NA,1953-04-06,M,D,CT
162069635,412236,Representative,Rep.,Steve,NA,Cohen,NA,1949-05-24,M,D,TN
240812994,412221,Representative,Rep.,Yvette,D.,Clarke,NA,1964-11-21,F,D,NY
210926192,400657,Representative,Rep.,Henry,NA,Cuellar,NA,1955-09-19,M,D,TX
295685416,400655,Representative,Rep.,K.,Michael,Conaway,NA,1948-06-11,M,R,TX
163570705,400639,Representative,Rep.,Emanuel,NA,Cleaver,II,1944-10-26,M,D,MO
245451804,400618,Representative,Rep.,Jim,NA,Costa,NA,1952-04-13,M,D,CA
13218102,300027,"Senator, 2nd Class",Sen.,John,NA,Cornyn,NA,1952-02-02,M,R,TX
23124635,400077,Representative,Rep.,Tom,NA,Cole,NA,1949-04-28,M,R,OK
18030431,400068,Representative,Rep.,John,NA,Carter,NA,1941-11-06,M,R,TX
NA,400074,Representative,Rep.,William,Lacy,Clay,NA,1956-07-27,M,D,MO
193794406,400061,"Senator, 2nd Class",Sen.,Shelley,Moore,Capito,NA,1953-11-26,F,R,WV
111635980,400087,Representative,Rep.,Joseph,NA,Crowley,NA,1962-03-16,M,D,NY
747806211983179776,400063,Representative,Rep.,Michael,E.,Capuano,NA,1952-01-09,M,D,MA
19726613,300025,"Senator, 2nd Class",Sen.,Susan,NA,Collins,NA,1952-12-07,F,R,ME
787373558,400090,Representative,Rep.,Elijah,E.,Cummings,NA,1951-01-18,M,D,MD
600463589,300030,"Senator, 3rd Class",Sen.,Michael,D.,Crapo,NA,1951-05-20,M,R,ID
22523087,400081,Representative,Rep.,Jim,NA,Cooper,NA,1954-06-19,M,D,TN
188019606,400075,Representative,Rep.,James,E.,Clyburn,NA,1940-07-21,M,D,SC
237750442,400071,Representative,Rep.,Steven,J.,Chabot,NA,1953-01-22,M,R,OH
249787913,300019,"Senator, 1st Class",Sen.,Thomas,R.,Carper,NA,1947-01-23,M,D,DE
109071031,400064,"Senator, 1st Class",Sen.,Benjamin,L.,Cardin,NA,1943-10-05,M,D,MD
117501995,300018,"Senator, 1st Class",Sen.,Maria,NA,Cantwell,NA,1958-10-13,F,D,WA
22545491,400057,Representative,Rep.,Ken,NA,Calvert,NA,1953-06-08,M,R,CA
278124059,412490,"Senator, 3rd Class",Sen.,Richard,NA,Blumenthal,NA,1946-02-13,M,D,CT
234812598,412427,Representative,Rep.,Larry,NA,Bucshon,NA,1962-05-31,M,R,IN
237299871,412395,Representative,Rep.,Mo,NA,Brooks,NA,1954-04-29,M,R,AL
110545675,412478,Representative,Rep.,Diane,NA,Black,NA,1951-01-16,F,R,TN
239949176,412404,Representative,Rep.,Karen,NA,Bass,NA,1953-10-03,F,D,CA
224285242,412330,"Senator, 3rd Class",Sen.,Michael,NA,Bennet,NA,1964-11-28,M,D,CO
202206694,412251,"Senator, 1st Class",Sen.,John,NA,Barrasso,NA,1952-07-21,M,R,WY
20467163,412196,Representative,Rep.,Vern,NA,Buchanan,NA,1951-05-08,M,R,FL
26051676,412250,Representative,Rep.,Gus,NA,Bilirakis,NA,1963-02-08,M,R,FL
432676344,400616,Representative,Rep.,G.,K.,Butterfield,NA,1947-04-27,M,D,NC
148006729,400029,Representative,Rep.,Rob,NA,Bishop,NA,1951-07-13,M,R,UT
15751083,400052,Representative,Rep.,Michael,C.,Burgess,NA,1950-12-23,M,R,TX
278145569,400032,Representative,Rep.,Marsha,NA,Blackburn,NA,1952-06-06,F,R,TN
5558312,400040,"Senator, 3rd Class",Sen.,John,NA,Boozman,NA,1950-12-10,M,R,AR
148453195,400047,Representative,Rep.,Robert,A.,Brady,NA,1945-04-07,M,D,PA
21157904,400054,"Senator, 3rd Class",Sen.,Richard,M.,Burr,NA,1955-11-30,M,R,NC
43910797,400050,"Senator, 1st Class",Sen.,Sherrod,NA,Brown,NA,1952-11-09,M,D,OH
19926675,400046,Representative,Rep.,Kevin,NA,Brady,NA,1955-04-11,M,R,TX
21269970,400034,"Senator, 3rd Class",Sen.,Roy,NA,Blunt,NA,1950-01-10,M,R,MO
137823987,400033,Representative,Rep.,Earl,NA,Blumenauer,NA,1948-08-16,M,D,OR
249410485,400030,Representative,Rep.,Sanford,D.,Bishop,Jr.,1947-02-04,M,D,GA
19929362,400018,Representative,Rep.,Joe,L.,Barton,NA,1949-09-15,M,R,TX
76649729,300002,"Senator, 2nd Class",Sen.,Lamar,NA,Alexander,NA,1940-07-03,M,R,TN
76452765,400004,Representative,Rep.,Robert,B.,Aderholt,NA,1965-07-22,M,R,AL
NA,400041,Delegate,Del.,Madeleine,Z.,Bordallo,NA,1933-05-31,F,D,GU
995193054,412505,Representative,Rep.,Suzan,K.,DelBene,NA,1962-02-17,F,D,WA
558769636,412501,Representative,Rep.,Suzanne,NA,Bonamici,NA,1954-10-14,F,D,OR
1068481578,412545,"Senator, 1st Class",Sen.,Angus,NA,King,NA,1944-03-31,M,I,ME
402719755,412500,Representative,Rep.,Mark,NA,Amodei,NA,1958-06-12,M,R,NV
1061385474,412558,Representative,Rep.,Michelle,NA,Lujan Grisham,NA,1959-10-24,F,D,NM
1058807868,412526,Representative,Rep.,Ron,NA,DeSantis,NA,1978-09-14,M,R,FL
937723303,412544,Representative,Rep.,John,NA,Delaney,NA,1963-04-16,M,D,MD
942156122,412514,Representative,Rep.,Eric,NA,Swalwell,NA,1980-11-16,M,D,CA
1060370282,412568,Representative,Rep.,Markwayne,NA,Mullin,NA,1977-07-26,M,R,OK
1055907624,412543,Representative,Rep.,Joseph,P.,Kennedy,III,1980-10-04,M,D,MA
1074101017,412539,Representative,Rep.,Susan,NA,Brooks,NA,1960-08-25,F,R,IN
1065995022,412538,Representative,Rep.,Jackie,NA,Walorski,NA,1963-08-17,F,R,IN
1058345042,412572,Representative,Rep.,Tom,NA,Rice,NA,1957-08-04,M,R,SC
1051127714,412560,Representative,Rep.,Grace,NA,Meng,NA,1975-10-01,F,D,NY
1045853744,412540,Representative,Rep.,Luke,NA,Messer,NA,1969-02-27,M,R,IN
1072467470,412562,Representative,Rep.,Sean,Patrick,Maloney,NA,1966-07-30,M,D,NY
1068499286,412584,Representative,Rep.,Denny,NA,Heck,NA,1952-07-29,M,D,WA
1058460818,412553,Representative,Rep.,George,NA,Holding,NA,1968-04-17,M,R,NC
1055685948,408211,Representative,Rep.,Rick,NA,Nolan,NA,1943-12-17,M,D,MN
1037321378,412520,Representative,Rep.,Mark,NA,Takano,NA,1960-12-10,M,D,CA
467823431,412561,Representative,Rep.,Hakeem,NA,Jeffries,NA,1970-08-04,M,D,NY
976969338,412566,Representative,Rep.,Dave,NA,Joyce,NA,1957-03-17,M,R,OH
1055730738,412521,Representative,Rep.,Alan,NA,Lowenthal,NA,1941-03-08,M,D,CA
1060487274,412531,Representative,Rep.,Doug,NA,Collins,NA,1966-08-16,M,R,GA
1058051748,412574,Representative,Rep.,Randy,NA,Weber,NA,1953-07-02,M,R,TX
1058917562,412583,Representative,Rep.,Derek,NA,Kilmer,NA,1974-01-01,M,D,WA
1064206014,412532,Representative,Rep.,Tulsi,NA,Gabbard,NA,1981-04-12,F,D,HI
11651202,412549,"Senator, 2nd Class",Sen.,Steve,NA,Daines,NA,1962-08-20,M,R,MT
1071900114,412525,Representative,Rep.,Ted,NA,Yoho,NA,1955-04-13,M,R,FL
1060984272,412524,Representative,Rep.,Elizabeth,NA,Esty,NA,1959-08-25,F,D,CT
1058717720,412557,Representative,Rep.,Ann,McLane,Kuster,NA,1956-09-05,F,D,NH
1045110018,412546,Representative,Rep.,Dan,NA,Kildee,NA,1958-08-11,M,D,MI
776664410,412571,Representative,Rep.,Matt,NA,Cartwright,NA,1961-05-01,M,D,PA
968650362,412508,"Senator, 2nd Class",Sen.,Tom,NA,Cotton,NA,1977-05-13,M,R,AR
1092979962,412537,Representative,Rep.,Cheri,NA,Bustos,NA,1961-10-17,F,D,IL
950783972,412512,Representative,Rep.,Ami,NA,Bera,NA,1965-03-02,M,D,CA
1080509366,412257,Representative,Rep.,Bill,NA,Foster,NA,1955-10-07,M,D,IL
950328072,412551,Representative,Rep.,Robert,NA,Pittenger,NA,1948-08-15,M,R,NC
963480595,412552,Representative,Rep.,Mark,NA,Meadows,NA,1959-07-28,M,R,NC
1077121945,412529,Representative,Rep.,Lois,NA,Frankel,NA,1948-05-16,F,D,FL
935033864,412550,Representative,Rep.,Richard,NA,Hudson,NA,1971-11-04,M,R,NC
1074129612,412579,Representative,Rep.,Marc,NA,Veasey,NA,1971-01-03,M,D,TX
1083448909,412580,Representative,Rep.,Filemon,NA,Vela,NA,1963-02-13,M,D,TX
18773159,412569,Representative,Rep.,Scott,NA,Perry,NA,1962-05-27,M,R,PA
1089859058,412519,Representative,Rep.,Raul,NA,Ruiz,NA,1972-08-25,M,D,CA
1074412920,412513,Representative,Rep.,Paul,NA,Cook,NA,1943-03-03,M,R,CA
1048784496,412555,Representative,Rep.,Kevin,NA,Cramer,NA,1961-01-21,M,R,ND
1058256326,412563,Representative,Rep.,Chris,NA,Collins,NA,1950-05-20,M,R,NY
1051446626,412548,Representative,Rep.,Ann,NA,Wagner,NA,1962-09-13,F,R,MO
970207298,412542,"Senator, 1st Class",Sen.,Elizabeth,NA,Warren,NA,1949-06-22,F,D,MA
993153006,412536,Representative,Rep.,Rodney,NA,Davis,NA,1970-01-05,M,R,IL
1072008757,412581,Representative,Rep.,Chris,NA,Stewart,NA,1960-07-15,M,R,UT
1089334250,412541,Representative,Rep.,Andy,NA,Barr,NA,1973-07-24,M,R,KY
789244177,400093,Representative,Rep.,Danny,K.,Davis,NA,1941-09-06,M,D,IL
29766367,400158,Representative,Rep.,Sam,NA,Graves,NA,1963-11-07,M,R,MO
2382685057,412416,Representative,Rep.,Rob,NA,Woodall,NA,1970-02-11,M,R,GA
1077446982,412578,Representative,Rep.,Roger,NA,Williams,NA,1949-09-13,M,R,TX
432771620,400097,Representative,Rep.,Susan,A.,Davis,NA,1944-04-13,F,D,CA
1058520120,412533,"Senator, 3rd Class",Sen.,Tammy,NA,Duckworth,NA,1968-03-12,F,D,IL
1134292500,412575,Representative,Rep.,Beto,NA,O'Rourke,NA,1972-09-26,M,D,TX
1071402577,412556,"Senator, 1st Class",Sen.,Deb,NA,Fischer,NA,1951-03-01,F,R,NE
1071102246,412511,Representative,Rep.,Jared,NA,Huffman,NA,1964-02-18,M,D,CA
1061029050,412554,"Senator, 1st Class",Sen.,Heidi,NA,Heitkamp,NA,1955-10-30,F,D,ND
960962340,412434,Representative,Rep.,Andy,NA,Harris,NA,1957-01-25,M,R,MD
1155335864,412506,Representative,Rep.,Donald,M.,Payne,Jr.,1958-12-17,M,D,NJ
1135486501,412523,Representative,Rep.,Scott,NA,Peters,NA,1958-06-17,M,D,CA
1155212191,412570,Representative,Rep.,Keith,NA,Rothfus,NA,1962-04-25,M,R,PA
231510077,412576,Representative,Rep.,Joaquín,NA,Castro,NA,1974-09-16,M,D,TX
1128514404,412515,Representative,Rep.,David,NA,Valadao,NA,1977-04-14,M,R,CA
NA,412269,"Senator, 2nd Class",Sen.,Bill,NA,Cassidy,NA,1957-09-28,M,R,LA
1382011333,400142,Representative,Rep.,Rodney,NA,Frelinghuysen,NA,1946-04-29,M,R,NJ
1908143071,412278,Representative,Rep.,Brett,NA,Guthrie,NA,1964-02-18,M,R,KY
1069124515,412510,Representative,Rep.,Doug,NA,LaMalfa,NA,1960-07-02,M,R,CA
1880674038,412195,Representative,Rep.,Kathy,NA,Castor,NA,1966-08-20,F,D,FL
NA,412242,"Senator, 1st Class",Sen.,Amy,NA,Klobuchar,NA,1960-05-25,F,D,MN
78403308,400194,"Senator, 3rd Class",Sen.,Johnny,NA,Isakson,NA,1944-12-28,M,R,GA
1222257180,412517,Representative,Rep.,Tony,NA,Cárdenas,NA,1963-03-31,M,D,CA
1262814457,412214,Representative,Rep.,Tim,NA,Walz,NA,1964-04-06,M,D,MN
1206227149,412585,Representative,Rep.,Mark,NA,Pocan,NA,1964-08-14,M,D,WI
1260172386,412522,Representative,Rep.,Juan,NA,Vargas,NA,1961-03-07,M,D,CA
NA,412582,"Senator, 1st Class",Sen.,Tim,NA,Kaine,NA,1958-02-26,M,D,VA
1262099252,412507,"Senator, 3rd Class",Sen.,Brian,NA,Schatz,NA,1972-10-20,M,D,HI
364415553,412212,Representative,Rep.,John,NA,Sarbanes,NA,1962-05-22,M,D,MD
1243902714,412516,Representative,Rep.,Julia,NA,Brownley,NA,1952-08-28,F,D,CA
975200486,NA,Representative,Rep.,Michael,NA,Cloud,NA,1975-05-13,M,R,TX
1339931490,NA,Representative,Rep.,Michael,NA,Cloud,NA,1975-05-13,M,R,TX
72198806,NA,Representative,Rep.,Michael,NA,Cloud,NA,1975-05-13,M,R,TX
1096059529,412322,"Senator, 2nd Class",Sen.,Jim,NA,Risch,NA,1943-05-03,M,R,ID
1531521632,412565,Representative,Rep.,Joyce,NA,Beatty,NA,1950-03-12,F,D,OH
1499993378,400607,Representative,Rep.,Mark,NA,Sanford,NA,1960-05-28,M,R,SC
NA,412742,"Senator, 2nd Class",Sen.,Tina,NA,Smith,NA,1958-03-04,F,D,MN
1623308912,412596,Representative,Rep.,Jason,NA,Smith,NA,1980-06-16,M,R,MO
1289319271,400380,Representative,Rep.,Christopher,H.,Smith,NA,1953-03-04,M,R,NJ
2853793517,412194,"Senator, 1st Class",Sen.,Christopher,S.,Murphy,NA,1973-08-03,M,D,CT
2167097881,412598,"Senator, 2nd Class",Sen.,Cory,NA,Booker,NA,1969-04-27,M,D,NJ
2293131060,412600,Representative,Rep.,Katherine,NA,Clark,NA,1963-07-17,F,D,MA
2253968388,412601,Representative,Rep.,Bradley,NA,Byrne,NA,1955-02-16,M,R,AL
2930635215,412660,Representative,Rep.,Dan,NA,Newhouse,NA,1955-07-10,M,R,WA
2953713339,412663,Representative,Rep.,Evan,NA,Jenkins,NA,1960-09-12,M,R,WV
2847221717,412653,Representative,Rep.,John,NA,Ratcliffe,NA,1965-10-20,M,R,TX
2914163523,412624,Representative,Rep.,Barry,NA,Loudermilk,NA,1963-12-22,M,R,GA
2973870195,412622,Representative,Rep.,Buddy,NA,Carter,NA,1957-09-06,M,R,GA
2853309155,412621,Representative,Rep.,Carlos,NA,Curbelo,NA,1980-03-01,M,R,FL
2962994194,412643,Representative,Rep.,Tom,NA,MacArthur,NA,1960-10-16,M,R,NJ
2964877294,412629,Representative,Rep.,Mike,NA,Bost,NA,1960-12-30,M,R,IL
2916086925,412607,Representative,Rep.,Alma,NA,Adams,NA,1946-05-27,F,D,NC
2933760046,412658,Representative,Rep.,Barbara,NA,Comstock,NA,1959-06-30,F,R,VA
2932617195,412633,Representative,Rep.,Bruce,NA,Poliquin,NA,1953-11-01,M,R,ME
2696643955,412634,Representative,Rep.,John,NA,Moolenaar,NA,1961-05-08,M,R,MI
2962813893,412648,Representative,Rep.,Elise,NA,Stefanik,NA,1984-07-02,F,R,NY
2953922782,412651,Representative,Rep.,Ryan,NA,Costello,NA,1976-09-07,M,R,PA
834069080,412641,Representative,Rep.,David,NA,Rouzer,NA,1972-02-16,M,R,NC
2861616083,412608,Representative,Rep.,Gary,NA,Palmer,NA,1954-05-14,M,R,AL
2964949642,412611,Representative,Rep.,Martha,NA,McSally,NA,1966-03-22,F,R,AZ
2914515430,412639,Representative,Rep.,Tom,NA,Emmer,NA,1961-03-03,M,R,MN
2966758114,412650,Representative,Rep.,Steve,NA,Russell,NA,1963-05-25,M,R,OK
2962891515,412630,Representative,Rep.,Ralph,NA,Abraham,NA,1954-09-16,M,R,LA
314205957,412628,Representative,Rep.,David,NA,Young,NA,1968-05-11,M,R,IA
2750127259,412646,Representative,Rep.,Lee,NA,Zeldin,NA,1980-01-30,M,R,NY
2966765501,412649,Representative,Rep.,John,NA,Katko,NA,1962-11-09,M,R,NY
2852998461,412610,Representative,Rep.,Bruce,NA,Westerman,NA,1967-11-18,M,R,AR
2953974395,412609,Representative,Rep.,French,NA,Hill,NA,1956-12-05,M,R,AR
2929491549,412655,Representative,Rep.,Brian,NA,Babin,NA,1948-03-23,M,R,TX
2964526557,412662,Representative,Rep.,Alex,NA,Mooney,NA,1971-06-05,M,R,WV
2869746172,412636,Representative,Rep.,Dave,NA,Trott,NA,1960-10-16,M,R,MI
2862577383,412619,Representative,Rep.,Ken,NA,Buck,NA,1959-02-16,M,R,CO
2965083477,412627,Representative,Rep.,Rod,NA,Blum,NA,1955-04-26,M,R,IA
2914571740,412635,Representative,Rep.,Mike,NA,Bishop,NA,1967-03-18,M,R,MI
2970462034,412647,Representative,Rep.,Kathleen,NA,Rice,NA,1965-02-15,F,D,NY
2970279814,412637,Representative,Rep.,Debbie,NA,Dingell,NA,1953-11-23,F,D,MI
236279233,412617,Representative,Rep.,Norma,NA,Torres,NA,1965-04-04,F,D,CA
2962923040,412671,"Senator, 2nd Class",Sen.,Ben,NA,Sasse,NA,1972-02-22,M,R,NE
2974648323,412614,Representative,Rep.,Steve,NA,Knight,NA,1966-12-17,M,R,CA
2891210047,412665,"Senator, 2nd Class",Sen.,Dan,NA,Sullivan,NA,1964-11-13,M,R,AK
2976598347,412656,Representative,Rep.,Mia,NA,Love,NA,1975-12-06,F,R,UT
2964287128,412625,Representative,Rep.,Rick,NA,Allen,NA,1951-11-07,M,R,GA
2955485182,412669,"Senator, 2nd Class",Sen.,Mike,NA,Rounds,NA,1954-10-24,M,R,SD
47798449,412618,Representative,Rep.,Mimi,NA,Walters,NA,1962-05-14,F,R,CA
4304448314,412652,Representative,Rep.,Brendan,NA,Boyle,NA,1977-02-06,M,D,PA
2975091705,412623,Representative,Rep.,Jody,NA,Hice,NA,1960-04-22,M,R,GA
2966570782,412612,Representative,Rep.,Ruben,NA,Gallego,NA,1979-11-20,M,D,AZ
2863210809,412666,"Senator, 2nd Class",Sen.,David,NA,Perdue,NA,1949-12-10,M,R,GA
2724095695,412659,Delegate,Del.,Stacey,NA,Plaskett,NA,1964-05-13,F,D,VI
2968451607,412644,Representative,Rep.,Bonnie,NA,Watson Coleman,NA,1945-02-06,F,D,NJ
2963445730,412654,Representative,Rep.,Will,NA,Hurd,NA,1977-08-19,M,R,TX
3044993235,412616,Representative,Rep.,Ted,NA,Lieu,NA,1969-03-29,M,D,CA
2951574214,412631,Representative,Rep.,Garret,NA,Graves,NA,1972-01-31,M,R,LA
2968007206,412613,Representative,Rep.,Mark,NA,DeSaulnier,NA,1952-03-31,M,D,CA
2966205003,412670,Representative,Rep.,Mark,NA,Walker,NA,1969-05-20,M,R,NC
3091316093,412632,Representative,Rep.,Seth,NA,Moulton,NA,1978-10-24,M,D,MA
2962868158,412657,Representative,Rep.,Donald,NA,Beyer,NA,1950-06-20,M,D,VA
2976606250,412661,Representative,Rep.,Glenn,NA,Grothman,NA,1955-07-03,M,R,WI
3122099613,412606,Representative,Rep.,Donald,W.,Norcross,NA,1958-12-13,M,D,NJ
2863006655,412638,Representative,Rep.,Brenda,NA,Lawrence,NA,1954-10-18,F,D,MI
2560169238,412605,Representative,Rep.,David,A.,Brat,NA,1964-07-27,M,R,VA
3317799825,412673,Representative,Rep.,Trent,NA,Kelly,NA,1966-03-01,M,R,MS
831483464,400343,Representative,Rep.,Dana,NA,Rohrabacher,NA,1947-06-21,M,R,CA
3686482216,412674,Representative,Rep.,Darin,M.,LaHood,NA,1968-07-05,M,R,IL
816131319033950208,412702,Representative,Rep.,Jim,NA,Banks,NA,1979-07-16,M,R,IN
798973032362606600,412696,Representative,Rep.,Val,NA,Demings,NA,1957-03-12,F,D,FL
817050219007328258,412689,Representative,Rep.,Lisa,NA,Blunt Rochester,NA,1962-02-10,F,D,DE
806906355214852096,412708,Representative,Rep.,Jamie,NA,Raskin,NA,1962-12-13,M,D,MD
796736612554117120,412685,Representative,Rep.,Jimmy,NA,Panetta,NA,1969-10-01,M,D,CA
816030424778543104,412697,Representative,Rep.,Charlie,NA,Crist,NA,1956-07-24,M,D,FL
815952318487298048,412691,Representative,Rep.,Neal,NA,Dunn,NA,1953-02-16,M,R,FL
816833925456789505,412687,Representative,Rep.,Nanette,NA,Barragán,NA,1976-09-15,F,D,CA
816652616625168388,412683,Representative,Rep.,Andy,NA,Biggs,NA,1958-11-07,M,R,AZ
814103950404239360,412698,Representative,Rep.,Brian,NA,Mast,NA,1980-07-10,M,R,FL
816181091673448448,412728,Representative,Rep.,A.,Donald,McEachin,NA,1961-10-10,M,D,VA
742735530287304704,412675,Representative,Rep.,Warren,NA,Davidson,NA,1970-03-01,M,R,OH
806583915012046854,412700,Representative,Rep.,A.,Drew,Ferguson,NA,1967-11-15,M,R,GA
818536152588238849,412725,Representative,Rep.,Vicente,NA,Gonzalez,NA,1967-09-04,M,D,TX
815310506596691968,412714,Representative,Rep.,Josh,NA,Gottheimer,NA,1975-03-08,M,D,NJ
818460870573441028,412729,Representative,Rep.,Thomas,NA,Garrett,NA,1972-03-27,M,R,VA
811313565760163844,412681,"Senator, 3rd Class",Sen.,Catherine,NA,Cortez Masto,NA,1964-03-29,F,D,NV
816298918468259841,412684,Representative,Rep.,Ro,NA,Khanna,NA,1976-09-13,M,D,CA
126171100,412219,Representative,Rep.,Carol,NA,Shea-Porter,NA,1952-12-02,F,D,NH
819744763020775425,412723,Resident Commissioner,R.C.,Jenniffer,NA,González-Colón,NA,1976-08-05,F,R,PR
796183515998068736,412694,Representative,Rep.,Stephanie,NA,Murphy,NA,1978-09-16,F,D,FL
811986281177772032,412703,Representative,Rep.,Trey,NA,Hollingsworth,NA,1983-09-12,M,R,IN
816284664658874368,412726,Representative,Rep.,Jodey,NA,Arrington,NA,1972-03-09,M,R,TX
816719802328715264,412732,Representative,Rep.,Liz,NA,Cheney,NA,1966-07-28,F,R,WY
816157667882373120,412686,Representative,Rep.,Salud,NA,Carbajal,NA,1964-11-18,M,D,CA
816705409486618624,412717,Representative,Rep.,Thomas,NA,Suozzi,NA,1962-08-31,M,D,NY
1071840474,412534,Representative,Rep.,Brad,NA,Schneider,NA,1961-08-20,M,D,IL
815931811348017152,412719,Representative,Rep.,John,NA,Faso,NA,1952-08-25,M,R,NY
797201048490430465,412720,Representative,Rep.,Claudia,NA,Tenney,NA,1961-02-04,F,R,NY
817138492614524928,412712,Representative,Rep.,Ted,NA,Budd,NA,1971-10-21,M,R,NC
815733290955112448,412730,Representative,Rep.,Pramila,NA,Jayapal,NA,1965-09-21,F,D,WA
816303263586914304,412721,Representative,Rep.,Brian,NA,Fitzpatrick,NA,1973-12-17,M,R,PA
808416682972770304,412682,Representative,Rep.,Tom,NA,O'Halleran,NA,1946-01-24,M,D,AZ
816111677917851649,412699,Representative,Rep.,Francis,NA,Rooney,NA,1953-12-04,M,R,FL
816282029276938240,412716,Representative,Rep.,Ruben,NA,Kihuen,NA,1980-04-25,M,D,NV
816683274076614656,412679,"Senator, 3rd Class",Sen.,John,NA,Kennedy,NA,1951-11-21,M,R,LA
818472418620608512,412693,Representative,Rep.,Al,NA,Lawson,NA,1948-09-21,M,D,FL
811632636598910976,412710,Representative,Rep.,Paul,NA,Mitchell,NA,1961-05-08,M,R,MI
814179031956488192,412701,Representative,Rep.,Raja,NA,Krishnamoorthi,NA,1973-07-19,M,D,IL
946549322,412680,"Senator, 3rd Class",Sen.,Margaret,NA,Hassan,NA,1958-02-27,F,D,NH
817076257770835968,412718,Representative,Rep.,Adriano,NA,Espaillat,NA,1954-09-27,M,D,NY
816012124505931780,412724,Representative,Rep.,David,NA,Kustoff,NA,1966-10-08,M,R,TN
816047090849746945,412711,Representative,Rep.,Jason,NA,Lewis,NA,1955-09-23,M,R,MN
818948638890217473,412690,Representative,Rep.,Matt,NA,Gaetz,NA,1982-05-07,M,R,FL
818713465653051392,412695,Representative,Rep.,Darren,NA,Soto,NA,1978-02-25,M,D,FL
815241612154417152,412709,Representative,Rep.,Jack,NA,Bergman,NA,1947-02-02,M,R,MI
815966620300480514,412731,Representative,Rep.,Mike,NA,Gallagher,NA,1984-03-03,M,R,WI
NA,412676,Representative,Rep.,James,NA,Comer,NA,1972-08-19,M,R,KY
752364246218862592,412704,Representative,Rep.,Roger,NA,Marshall,NA,1960-08-09,M,R,KS
90639372,412677,Representative,Rep.,Dwight,NA,Evans,NA,1954-05-16,M,D,PA
828977216595849216,412692,Representative,Rep.,John,NA,Rutherford,NA,1952-09-02,M,R,FL
827279765287559171,412706,Representative,Rep.,Mike,NA,Johnson,NA,1972-01-30,M,R,LA
818554054309715969,412715,Representative,Rep.,Jacky,NA,Rosen,NA,1957-08-02,F,D,NV
815985039485837312,412688,Representative,Rep.,J.,Luis,Correa,NA,1958-01-24,M,D,CA
818975124460335106,412713,Representative,Rep.,Don,NA,Bacon,NA,1963-08-16,M,R,NE
41417564,412722,Representative,Rep.,Lloyd,NA,Smucker,NA,1964-01-23,M,R,PA
235373000,412418,Representative,Rep.,Colleen,NA,Hanabusa,NA,1951-05-04,F,D,HI
803694179079458816,412678,"Senator, 3rd Class",Sen.,Kamala,NA,Harris,NA,1964-10-20,F,D,CA
843636970538618880,412705,Representative,Rep.,Clay,NA,Higgins,NA,1961-08-24,M,R,LA
823552974253342721,412707,Representative,Rep.,Anthony,NA,Brown,NA,1961-11-21,M,D,MD
837722935095930883,412727,Representative,Rep.,Scott,NA,Taylor,NA,1979-06-27,M,R,VA
854715071116849157,412735,Representative,Rep.,Ron,NA,Estes,NA,1956-07-19,M,R,KS
2371339658,412739,Representative,Rep.,Jimmy,NA,Gomez,NA,1974-11-25,M,D,CA
880480631108644864,412738,Representative,Rep.,Ralph,NA,Norman,NA,1953-06-20,M,R,SC
1872999342,300087,"Senator, 3rd Class",Sen.,Charles,E.,Schumer,NA,1950-11-23,M,D,NY
313719282,412564,Representative,Rep.,Brad,NA,Wenstrup,NA,1958-06-17,M,R,OH
158520264,400232,Representative,Rep.,Rick,NA,Larsen,NA,1965-06-15,M,D,WA
112781983,412271,Representative,Rep.,Mike,NA,Coffman,NA,1955-03-19,M,R,CO
93965901,412469,Representative,Rep.,Lou,NA,Barletta,NA,1956-01-28,M,R,PA
87510313,400013,"Senator, 1st Class",Sen.,Tammy,NA,Baldwin,NA,1962-02-11,F,D,WI
47341545,412438,Representative,Rep.,Justin,NA,Amash,NA,1980-04-18,M,R,MI
23022687,412573,"Senator, 1st Class",Sen.,Ted,NA,Cruz,NA,1970-12-22,M,R,TX
21572351,412445,Representative,Rep.,Billy,NA,Long,NA,1955-08-11,M,R,MO
20747881,412509,Representative,Rep.,Kyrsten,NA,Sinema,NA,1976-07-12,F,D,AZ
20113797,300093,"Senator, 1st Class",Sen.,Debbie,NA,Stabenow,NA,1950-04-29,F,D,MI
16473577,412244,"Senator, 1st Class",Sen.,Jon,NA,Tester,NA,1956-08-21,M,D,MT
15428227,412190,Representative,Rep.,Kevin,NA,McCarthy,NA,1965-01-26,M,R,CA
15361570,412308,Representative,Rep.,Jared,NA,Polis,NA,1975-05-12,M,D,CO
3041543943,412672,Representative,Rep.,Daniel,M.,Donovan,NA,1956-11-06,M,R,NY
41533245,412615,Representative,Rep.,Pete,NA,Aguilar,NA,1979-06-19,M,D,CA
17907578,412318,Representative,Rep.,Dina,NA,Titus,NA,1950-05-23,F,D,NV
14904437,400089,Representative,Rep.,John,NA,Culberson,NA,1956-08-24,M,R,TX
NA,300023,"Senator, 2nd Class",Sen.,Thad,NA,Cochran,NA,1937-12-07,M,R,MS
NA,412378,"Senator, 2nd Class",Sen.,Al,NA,Franken,NA,1951-05-21,M,D,MN
NA,412223,"Senator, 1st Class",Sen.,Kirsten,E.,Gillibrand,NA,1966-12-09,F,D,NY
NA,412743,"Senator, 2nd Class",Sen.,Cindy,NA,Hyde-Smith,NA,1959-05-10,F,R,MS
NA,300088,"Senator, 2nd Class",Sen.,Jeff,NA,Sessions,NA,1946-12-24,M,R,AL
NA,412734,"Senator, 2nd Class",Sen.,Luther,NA,Strange,NA,1953-03-01,M,R,AL
NA,400021,Representative,Rep.,Xavier,NA,Becerra,NA,1958-01-26,M,D,CA
NA,412567,Representative,Rep.,Jim,NA,Bridenstine,NA,1975-06-15,M,R,OK
NA,412270,Representative,Rep.,Jason,NA,Chaffetz,NA,1967-03-26,M,R,UT
NA,400080,Representative,Rep.,John,NA,Conyers,Jr.,1929-05-16,M,D,MI
NA,412740,Representative,Rep.,John,NA,Curtis,NA,1960-05-10,M,R,UT
NA,400648,Representative,Rep.,Charlie,NA,Dent,NA,1960-05-24,M,R,PA
NA,412482,Representative,Rep.,Blake,NA,Farenthold,NA,1961-12-12,M,R,TX
NA,400141,Representative,Rep.,Trent,NA,Franks,NA,1957-06-19,M,R,AZ
NA,412736,Representative,Rep.,Greg,NA,Gianforte,NA,1961-04-17,M,R,MT
NA,412737,Representative,Rep.,Karen,NA,Handel,NA,1962-04-18,F,R,GA
NA,412595,Representative,Rep.,Robin,NA,Kelly,NA,1956-04-30,F,D,IL
NA,412744,Representative,Rep.,Conor,NA,Lamb,NA,1984-06-27,M,D,PA
NA,412745,Representative,Rep.,Debbie,NA,Lesko,NA,1958-11-14,F,R,AZ
NA,412503,Representative,Rep.,Thomas,NA,Massie,NA,1971-01-13,M,R,KY
NA,412466,Representative,Rep.,Pat,NA,Meehan,NA,1955-10-20,M,R,PA
NA,412474,Representative,Rep.,Mick,NA,Mulvaney,NA,1967-07-21,M,R,SC
NA,400285,Representative,Rep.,Tim,NA,Murphy,NA,1952-09-11,M,R,PA
NA,400316,Representative,Rep.,Collin,C.,Peterson,NA,1944-06-29,M,D,MN
NA,412431,Representative,Rep.,Mike,NA,Pompeo,NA,1963-12-30,M,R,KS
NA,400626,Representative,Rep.,Tom,NA,Price,NA,1954-10-08,M,R,GA
NA,400378,Representative,Rep.,Louise,M.,Slaughter,NA,1929-08-14,F,D,NY
NA,400406,Representative,Rep.,Pat,NA,Tiberi,NA,1962-10-21,M,R,OH
NA,412640,Representative,Rep.,Ryan,NA,Zinke,NA,1961-11-01,M,R,MT
